kategori,kanji,hiragana,katakana,romaji,indo,eng,tipe
angka,一,いち,,ichi,satu,one,number
angka,二,に,,ni,dua,two,number
angka,三,さん,,san,tiga,three,number
angka,四,よん,,yon,empat,four,number
angka,五,ご,,go,lima,five,number
angka,六,ろく,,roku,enam,six,number
angka,七,なな,,nana,tujuh,seven,number
angka,八,はち,,hachi,delapan,eight,number
angka,九,きゅう,,kyuu,sembilan,nine,number
angka,十,じゅう,,juu,sepuluh,ten,number
angka,十一,じゅういち,,juuichi,sebelas,eleven,number
angka,十二,じゅうに,,juuni,dua belas,twelve,number
angka,十三,じゅうさん,,juusan,tiga belas,thirteen,number
angka,十四,じゅうよん,,juuyon,empat belas,fourteen,number
angka,十五,じゅうご,,juugo,lima belas,fifteen,number
angka,十六,じゅうろく,,juuroku,enam belas,sixteen,number
angka,十七,じゅうなな,,juunana,tujuh belas,seventeen,number
angka,十八,じゅうはち,,juuhachi,delapan belas,eighteen,number
angka,十九,じゅうきゅう,,juukyuu,sembilan belas,nineteen,number
angka,二十,にじゅう,,nijuu,dua puluh,twenty,number
angka,二十一,にじゅういち,,nijuuichi,dua puluh satu,twenty-one,number
angka,二十二,にじゅうに,,nijuuni,dua puluh dua,twenty-two,number
angka,二十一,にじゅういち,,nijuuichi,dua puluh satu,twenty-one,number
angka,二十二,にじゅうに,,nijuuni,dua puluh dua,twenty-two,number
angka,二十一,にじゅういち,,nijuuichi,dua puluh satu,twenty-one,number
angka,二十二,にじゅうに,,nijuuni,dua puluh dua,twenty-two,number
angka,二十一,にじゅういち,,nijuuichi,dua puluh satu,twenty-one,number
angka,二十二,にじゅうに,,nijuuni,dua puluh dua,twenty-two,number
angka,二十一,にじゅういち,,nijuuichi,dua puluh satu,twenty-one,number
angka,二十二,にじゅうに,,nijuuni,dua puluh dua,twenty-two,number
angka,二十一,にじゅういち,,nijuuichi,dua puluh satu,twenty-one,number
angka,二十二,にじゅうに,,nijuuni,dua puluh dua,twenty-two,number
angka,二十一,にじゅういち,,nijuuichi,dua puluh satu,twenty-one,number
tanggal,一日,ついたち,,tsuitachi,1,1st,number
tanggal,二日,ふつか,,futsuka,2,2nd,number
tanggal,三日,みっか,,mikka,3,3rd,number
tanggal,四日,よっか,,yokka,4,4th,number
tanggal,五日,いつか,,itsuka,5,5th,number
tanggal,六日,むいか,,muika,6,6th,number
tanggal,七日,なのか,,nanoka,7,7th,number
tanggal,八日,ようか,,youka,8,8th,number
tanggal,九日,ここのか,,kokonoka,9,9th,number
tanggal,十日,とおか,,tooka,10,10th,number
tanggal,十一日,じゅういちにち,,juuichinichi,11,11th,number
tanggal,十二日,じゅうににち,,juuninichi,12,12th,number
tanggal,十三日,じゅうさんにち,,juusannichi,13,13th,number
tanggal,十四日,じゅうよっか,,juuyokka,14,14th,number
tanggal,十五日,じゅうごにち,,juugonichi,15,15th,number
tanggal,十六日,じゅうろくにち,,juurokunichi,16,16th,number
tanggal,十七日,じゅうしちにち,,juushichinichi,17,17th,number
tanggal,十八日,じゅうはちにち,,juuhachinichi,18,18th,number
tanggal,十九日,じゅうくにち,,juukunichi,19,19th,number
tanggal,二十日,はつか,,hatsuka,20,20th,number
tanggal,二十一日,にじゅういちにち,,nijuuichinichi,21,21st,number
tanggal,二十二日,にじゅうににち,,nijuuninichi,22,22nd,number
tanggal,二十三日,にじゅうさんにち,,nijuusannichi,23,23rd,number
tanggal,二十四日,にじゅうよっか,,nijuuyokka,24,24th,number
tanggal,二十五日,にじゅうごにち,,nijuugonichi,25,25th,number
tanggal,二十六日,にじゅうろくにち,,nijuurokunichi,26,26th,number
tanggal,二十七日,にじゅうしちにち,,nijuushichinichi,27,27th,number
tanggal,二十八日,にじゅうはちにち,,nijuuhachinichi,28,28th,number
tanggal,二十九日,にじゅうくにち,,nijuukunichi,29,29th,number
tanggal,三十日,さんじゅうにち,,sanjuunichi,30,30th,number
waktu,一時,いちじ,,ichiji,jam satu,one o'clock,noun
waktu,二時,にじ,,niji,jam dua,two o'clock,noun
waktu,三時,さんじ,,sanji,jam tiga,three o'clock,noun
waktu,四時,よじ,,yoji,jam empat,four o'clock,noun
waktu,一時,いちじ,,ichiji,jam satu,one o'clock,noun
waktu,二時,にじ,,niji,jam dua,two o'clock,noun
waktu,三時,さんじ,,sanji,jam tiga,three o'clock,noun
waktu,四時,よじ,,yoji,jam empat,four o'clock,noun
waktu,一時,いちじ,,ichiji,jam satu,one o'clock,noun
waktu,二時,にじ,,niji,jam dua,two o'clock,noun
waktu,三時,さんじ,,sanji,jam tiga,three o'clock,noun
waktu,四時,よじ,,yoji,jam empat,four o'clock,noun
waktu,一時,いちじ,,ichiji,jam satu,one o'clock,noun
waktu,二時,にじ,,niji,jam dua,two o'clock,noun
waktu,三時,さんじ,,sanji,jam tiga,three o'clock,noun
waktu,四時,よじ,,yoji,jam empat,four o'clock,noun
waktu,一時,いちじ,,ichiji,jam satu,one o'clock,noun
waktu,二時,にじ,,niji,jam dua,two o'clock,noun
waktu,三時,さんじ,,sanji,jam tiga,three o'clock,noun
waktu,四時,よじ,,yoji,jam empat,four o'clock,noun
waktu,一時,いちじ,,ichiji,jam satu,one o'clock,noun
waktu,二時,にじ,,niji,jam dua,two o'clock,noun
waktu,三時,さんじ,,sanji,jam tiga,three o'clock,noun
waktu,四時,よじ,,yoji,jam empat,four o'clock,noun
waktu,一時,いちじ,,ichiji,jam satu,one o'clock,noun
waktu,二時,にじ,,niji,jam dua,two o'clock,noun
waktu,三時,さんじ,,sanji,jam tiga,three o'clock,noun
waktu,四時,よじ,,yoji,jam empat,four o'clock,noun
waktu,一時,いちじ,,ichiji,jam satu,one o'clock,noun
waktu,二時,にじ,,niji,jam dua,two o'clock,noun
waktu,三時,さんじ,,sanji,jam tiga,three o'clock,noun
waktu,四時,よじ,,yoji,jam empat,four o'clock,noun
waktu,一時,いちじ,,ichiji,jam satu,one o'clock,noun
waktu,二時,にじ,,niji,jam dua,two o'clock,noun
waktu,三時,さんじ,,sanji,jam tiga,three o'clock,noun
waktu,四時,よじ,,yoji,jam empat,four o'clock,noun
hari,月曜日,げつようび,,getsuyoubi,senin,Monday,noun
hari,火曜日,かようび,,kayoubi,selasa,Tuesday,noun
hari,水曜日,すいようび,,suiyoubi,rabu,Wednesday,noun
hari,木曜日,もくようび,,mokuyoubi,kamis,Thursday,noun
hari,金曜日,きんようび,,kinyoubi,jumat,Friday,noun
hari,土曜日,どようび,,doyoubi,sabtu,Saturday,noun
hari,日曜日,にちようび,,nichiyoubi,minggu,Sunday,noun
hari,週末,しゅうまつ,,shuumatsu,akhir pekan,weekend,noun
hari,平日,へいじつ,,heijitsu,hari kerja,weekday,noun
hari,休日,きゅうじつ,,kyuujitsu,libur,holiday,noun

bulan,一月,いちがつ,,ichigatsu,januari,January,noun
bulan,二月,にがつ,,nigatsu,februari,February,noun
bulan,三月,さんがつ,,sangatsu,maret,March,noun
bulan,四月,しがつ,,shigatsu,april,April,noun
bulan,五月,ごがつ,,gogatsu,mei,May,noun
bulan,六月,ろくがつ,,rokugatsu,juni,June,noun
bulan,七月,しちがつ,,shichigatsu,juli,July,noun
bulan,八月,はちがつ,,hachigatsu,agustus,August,noun
bulan,九月,くがつ,,kugatsu,september,September,noun
bulan,十月,じゅうがつ,,juugatsu,oktober,October,noun
bulan,十一月,じゅういちがつ,,juuichigatsu,november,November,noun
bulan,十二月,じゅうにがつ,,juunigatsu,desember,December,noun
waktu,六時,ろくじ,,rokuji,jam enam,six o'clock,noun
waktu,六時半,ろくじはん,,rokuji han,jam enam setengah,six thirty,noun
waktu,七時,しちじ,,shichiji,jam tujuh,seven o'clock,noun
waktu,七時半,しちじはん,,shichiji han,jam tujuh setengah,seven thirty,noun
waktu,八時,はちじ,,hachiji,jam delapan,eight o'clock,noun
waktu,八時半,はちじはん,,hachiji han,jam delapan setengah,eight thirty,noun
waktu,九時,くじ,,kuji,jam sembilan,nine o'clock,noun
waktu,九時半,くじはん,,kuji han,jam sembilan setengah,nine thirty,noun
waktu,十時,じゅうじ,,juuji,jam sepuluh,ten o'clock,noun
waktu,十時半,じゅうじはん,,juuji han,jam sepuluh setengah,ten thirty,noun
kategori,kanji,hiragana,katakana,romaji,indo,eng,tipe
keluarga,父,ちち,,chichi,ayah,father,informal
keluarga,お父さん,おとうさん,,otousan,ayah,father,formal
keluarga,母,はは,,haha,ibu,mother,informal
keluarga,お母さん,おかあさん,,okaasan,ibu,mother,formal
keluarga,祖父,そふ,,sofu,kakek,grandfather,informal
keluarga,お祖父さん,おじいさん,,ojiisan,kakek,grandfather,formal
keluarga,祖母,そぼ,,sobo,nenek,grandmother,informal
keluarga,お祖母さん,おばあさん,,obaasan,nenek,grandmother,formal
keluarga,兄,あに,,ani,kakak laki-laki,older brother,informal
keluarga,お兄さん,おにいさん,,oniisan,kakak laki-laki,older brother,formal
keluarga,弟,おとうと,,otouto,adik laki-laki,younger brother,informal
keluarga,妹,いもうと,,imouto,adik perempuan,younger sister,informal
keluarga,姉,あね,,ane,kakak perempuan,older sister,informal
keluarga,お姉さん,おねえさん,,oneesan,kakak perempuan,older sister,formal
keluarga,叔父,おじ,,oji,paman,uncle,informal
keluarga,叔父さん,おじさん,,ojisan,paman,uncle,formal
keluarga,叔母,おば,,oba,bibi,aunt,informal
keluarga,叔母さん,おばさん,,obasan,bibi,aunt,formal
keluarga,甥,おい,,oi,keponakan laki-laki,nephew,informal
keluarga,姪,めい,,mei,keponakan perempuan,niece,informal
keluarga,いとこ,,,,sepupu,cousin,informal

aisatsu,おはよう,おはよう,,ohayou,selamat pagi,good morning,informal
aisatsu,おはようございます,おはようございます,,ohayou gozaimasu,selamat pagi,good morning,formal
aisatsu,こんにちは,こんにちは,,konnichiwa,halo/selamat siang,hello,formal
aisatsu,こんばんは,こんばんは,,konbanwa,selamat malam,good evening,formal
aisatsu,さようなら,さようなら,,sayounara,selamat tinggal,goodbye,formal
aisatsu,じゃあね,じゃあね,,jaa ne,sampai nanti,see you,informal
aisatsu,またね,またね,,mata ne,sampai jumpa lagi,see you again,informal
aisatsu,おやすみ,おやすみ,,oyasumi,selamat tidur,good night,informal
aisatsu,おやすみなさい,おやすみなさい,,oyasuminasai,selamat tidur,good night,formal
aisatsu,はじめまして,はじめまして,,hajimemashite,senang bertemu denganmu,nice to meet you,formal
aisatsu,よろしくお願いします,よろしくおねがいします,,yoroshiku onegaishimasu,mohon kerjasamanya,please treat me well,formal
aisatsu,どうぞよろしく,どうぞよろしく,,douzo yoroshiku,senang bertemu,please treat me well,informal
aisatsu,ごきげんよう,ごきげんよう,,gokigenyou,selamat siang,hello,formal
aisatsu,お元気ですか,おげんきですか,,ogenki desu ka,apa kabar?,how are you?,formal

tahun,千,せん,,sen,1000,one thousand,number
tahun,千百,せんひゃく,,senhyaku,1100,one thousand one hundred,number
tahun,千二百,せんにひゃく,,sennihyaku,1200,one thousand two hundred,number
tahun,千三百,せんさんびゃく,,sensanbyaku,1300,one thousand three hundred,number
tahun,千四百,せんよんひゃく,,senyonhyaku,1400,one thousand four hundred,number
tahun,千五百,せんごひゃく,,sengohyaku,1500,one thousand five hundred,number
tahun,千六百,せんろっぴゃく,,senroppyaku,1600,one thousand six hundred,number
tahun,千七百,せんななひゃく,,sennanahyaku,1700,one thousand seven hundred,number
tahun,千八百,せんはっぴゃく,,senhappyaku,1800,one thousand eight hundred,number
tahun,千九百,せんきゅうひゃく,,senkyuuhyaku,1900,one thousand nine hundred,number
tahun,二千,にせん,,nisen,2000,two thousand,number
tahun,二千一,にせんいち,,nisenichi,2001,two thousand one,number
tahun,二千二,にせんに,,niseni,2002,two thousand two,number
tahun,二千三,にせんさん,,nisensan,2003,two thousand three,number
tahun,二千二十,にせんにじゅう,,niseniijuu,2020,two thousand twenty,number
tahun,二千二十一,にせんにじゅういち,,niseniijuuichi,2021,two thousand twenty-one,number
tahun,二千二十二,にせんにじゅうに,,niseniijuuni,2022,two thousand twenty-two,number
tahun,二千二十三,にせんにじゅうさん,,niseniijuusan,2023,two thousand twenty-three,number
tahun,二千二十四,にせんにじゅうよん,,niseniijuuyon,2024,two thousand twenty-four,number
tahun,二千二十五,にせんにじゅうご,,niseniijuugo,2025,two thousand twenty-five,number

makanan,ごはん,ごはん,,gohan,nasi,rice,noun
makanan,パン,ぱん,,pan,roti,bread,noun
makanan,みそしる,みそしる,,misoshiru,sup miso,miso soup,noun
makanan,すし,すし,,sushi,sushi,sushi,noun
makanan,てんぷら,てんぷら,,tenpura,tempura,tempura,noun
makanan,うどん,うどん,,udon,udon,udon noodles,noun
makanan,そば,そば,,soba,soba,soba noodles,noun
makanan,ラーメン,らーめん,,raamen,ramen,ramen,noun
makanan,カレー,かれー,,karee,kari,curry,noun
makanan,たまご,たまご,,tamago,telur,egg,noun
makanan,さかな,さかな,,sakana,ikan,fish,noun
makanan,にく,にく,,niku,daging,meat,noun
makanan,やさい,やさい,,yasai,sayur,vegetable,noun
makanan,くだもの,くだもの,,kudamono,buah,fruit,noun
makanan,テンペ,てんぺ,,tempe,tempeh,tempeh,noun
makanan,ナシゴレン,なしごれん,,nashigoren,nasi goreng,fried rice,noun
makanan,サテ,さて,,sate,sate,chicken/beef skewer,noun
makanan,ガドガド,がどがど,,gadogado,salad sayur Indonesia with peanut sauce,gado-gado,noun
makanan,ソト,そと,,soto,soto,soto soup,noun
makanan,レンコン,れんこん,,renkon,akar teratai,lotus root,noun

benda,椅子,いす,,isu,kursi,chair,noun
benda,机,つくえ,,tsukue,meja,desk,noun
benda,本,ほん,,hon,buku,book,noun
benda,ペン,ぺん,,pen,pena,pen,noun
benda,ノート,のーと,,nooto,buku catatan,notebook,noun
benda,カップ,かっぷ,,kappu,cangkir,cup,noun
benda,時計,とけい,,tokei,jam,clock/watch,noun
benda,バッグ,ばっぐ,,baggu,tas,bag,noun
benda,傘,かさ,,kasa,payung,umbrella,noun
benda,靴,くつ,,kutsu,sepatu,shoes,noun
benda,自転車,じてんしゃ,,jitensha,sepeda,bicycle,noun
benda,車,くるま,,kuruma,mobil,car,noun
benda,電話,でんわ,,denwa,telepon,telephone,noun
benda,コンピュータ,こんぴゅーた,,konpyuuta,komputer,computer,noun
benda,テレビ,てれび,,terebi,televisi,TV,noun
benda,窓,まど,,mado,jendela,window,noun
benda,ドア,どあ,,doa,pintu,door,noun

hewan,犬,いぬ,,inu,anjing,dog,noun
hewan,猫,ねこ,,neko,kucing,cat,noun
hewan,鳥,とり,,tori,burung,bird,noun
hewan,魚,さかな,,sakana,ikan,fish,noun
hewan,馬,うま,,uma,kuda,horse,noun
hewan,牛,うし,,ushi,sapi,cow,noun
hewan,豚,ぶた,,buta,babi,pig,noun
hewan,羊,ひつじ,,hitsuji,domba,sheep,noun
hewan,猿,さる,,saru,monyet,monkey,noun
hewan,象,ぞう,,zou,gajah,elephant,noun
hewan,蛇,へび,,hebi,ular,snake,noun
hewan,亀,かめ,,kame,kura-kura,turtle,noun
hewan,ライオン,らいおん,,raion,raja hutan,lion,noun
hewan,トラ,とら,,tora,harimau,tiger,noun
hewan,クマ,くま,,kuma,beruang,bear,noun
hewan,カエル,かえる,,kaeru,kodok,frog,noun
hewan,カメレオン,かめれおん,,kamereon,kameleon,chameleon,noun

buah,りんご,りんご,,ringo,apel,apple,noun
buah,みかん,みかん,,mikan,jeruk,mandarin orange,noun
buah,バナナ,ばなな,,banana,pisang,banana,noun
buah,ぶどう,ぶどう,,budou,anggur,grape,noun
buah,もも,もも,,momo,persik,peach,noun
buah,いちご,いちご,,ichigo,stroberi,strawberry,noun
buah,すいか,すいか,,suika,semangka,watermelon,noun
buah,パイナップル,ぱいなっぷる,,painappuru,nanas,pineapple,noun
buah,キウイ,きうい,,kiui,kiwi,kiwi,noun
buah,メロン,めろん,,meron,melon,melon,noun

sayur,にんじん,にんじん,,ninjin,wortel,carrot,noun
sayur,だいこん,だいこん,,daikon,lobak,radish,noun
sayur,キャベツ,きゃべつ,,kyabetsu,kubis,cabbage,noun
sayur,レタス,れたす,,retasu,selada,lettuce,noun
sayur,きゅうり,きゅうり,,kyuuri,mentimun,cucumber,noun
sayur,トマト,とまと,,tomato,tomat,tomato,noun
sayur,なす,なす,,nasu,terong,eggplant,noun
sayur,ピーマン,ぴーまん,,piiman,kapia/bell pepper,bell pepper,noun
sayur,ほうれんそう,ほうれんそう,,hourensou,bayam,spinach,noun
sayur,さつまいも,さつまいも,,satsumaimo,ubi jalar,sweet potato,noun

profesi,医者,いしゃ,,isha,dokter,doctor,noun
profesi,看護師,かんごし,,kangoshi,perawat,nurse,noun
profesi,教師,きょうし,,kyoushi,guru,teacher,noun
profesi,学生,がくせい,,gakusei,mahasiswa/student,student,noun
profesi,弁護士,べんごし,,bengoshi,pengacara,lawyer,noun
profesi,警察官,けいさつかん,,keisatsukan,polisi,police officer,noun
profesi,消防士,しょうぼうし,,shouboushi,petugas pemadam kebakaran,firefighter,noun
profesi,エンジニア,えんじにあ,,enjinia,insinyur,engineer,noun
profesi,会社員,かいしゃいん,,kaishain,karyawan perusahaan,office worker,noun
profesi,農家,のうか,,nouka,petani,farmer,noun
profesi,料理人,りょうりにん,,ryourinin,koki,chef,noun
profesi,店員,てんいん,,tenin,kasir,shop clerk,noun
profesi,歌手,かしゅ,,kashu,penyanyi,singer,noun
profesi,俳優,はいゆう,,haiyuu,aktor,actor,noun
profesi,モデル,もでる,,moderu,model,model,noun
profesi,作家,さっか,,sakka,penulis,writer,noun
profesi,画家,がか,,gaka,pelukis,painter,noun

ruangan,狭い部屋,せまいへや,,semai heya,ruangan sempit,narrow room,noun
ruangan,広い部屋,ひろいへや,,hiroi heya,ruangan luas,spacious room,noun
ruangan,暑い部屋,あついへや,,atsui heya,ruangan panas,hot room,noun
ruangan,寒い部屋,さむいへや,,samui heya,ruangan dingin,cold room,noun
ruangan,明るい部屋,あかるいへや,,akarui heya,ruangan terang,bright room,noun
ruangan,暗い部屋,くらいへや,,kurai heya,ruangan gelap,dark room,noun
ruangan,静かな部屋,しずかなへや,,shizuka na heya,ruangan tenang,quiet room,noun
ruangan,にぎやかな部屋,にぎやかなへや,,nigiyaka na heya,ruangan ramai,noisy/lively room,noun
ruangan,寝室,しんしつ,,shinshitsu,kamar tidur,bedroom,noun
ruangan,台所,だいどころ,,daidokoro,dapur,kitchen,noun
ruangan,浴室,よくしつ,,yokushitsu,kamar mandi,bathroom,noun
ruangan,リビング,りびんぐ,,ribingu,ruang tamu,living room,noun
ruangan,書斎,しょさい,,shosai,ruang kerja,study room,noun
ruangan,玄関,げんかん,,genkan,teras depan/ruang masuk,entrance hall,noun
ruangan,トイレ,といれ,,toire,toilet,toilet,noun
ruangan,押入れ,おしいれ,,oshiire,lemari,closet,noun
ruangan,ベランダ,べらんだ,,beranda,veranda/balcony,noun

posisi,上,うえ,,ue,atas,above/on top,noun
posisi,下,した,,shita,bawah,below/under,noun
posisi,前,まえ,,mae,di depan,in front,noun
posisi,後ろ,うしろ,,ushiro,di belakang,behind,noun
posisi,左,ひだり,,hidari,kiri,left,noun
posisi,右,みぎ,,migi,kanan,right,noun
posisi,中,なか,,naka,di dalam,inside,noun
posisi,外,そと,,soto,di luar,outside,noun
posisi,隣,となり,,tonari,di sebelah,next to,noun
posisi,近く,ちかく,,chikaku,di dekat,near,noun
posisi,向かい,むかい,,mukai,di seberang,opposite,noun
posisi,間,あいだ,,aida,di antara,between,noun
posisi,角,かど,,kado,pojok,corner,noun

hari_nasional,元日,がんじつ,,Ganjitsu,Tahun Baru,New Year's Day,noun
hari_nasional,建国記念の日,けんこくきねんのひ,,Kenkoku Kinen no Hi,Hari Peringatan Nasional,National Foundation Day,noun
hari_nasional,春分の日,しゅんぶんのひ,,Shunbun no Hi,Hari Equinox Musim Semi,Vernal Equinox Day,noun
hari_nasional,昭和の日,しょうわのひ,,Shouwa no Hi,Hari Showa,Showa Day,noun
hari_nasional,憲法記念日,けんぽうきねんび,,Kenpou Kinenbi,Hari Konstitusi,Constitution Memorial Day,noun
hari_nasional,みどりの日,みどりのひ,,Midori no Hi,Hari Hijau,Greenery Day,noun
hari_nasional,こどもの日,こどものひ,,Kodomo no Hi,Hari Anak,Children's Day,noun
hari_nasional,海の日,うみのひ,,Umi no Hi,Hari Laut,Marine Day,noun
hari_nasional,山の日,やまのひ,,Yama no Hi,Hari Gunung,Mountain Day,noun
hari_nasional,敬老の日,けいろうのひ,,Keirou no Hi,Hari Lansia,Respect for the Aged Day,noun
hari_nasional,秋分の日,しゅうぶんのひ,,Shuubun no Hi,Hari Equinox Musim Gugur,Autumnal Equinox Day,noun
hari_nasional,文化の日,ぶんかのひ,,Bunka no Hi,Hari Budaya,Culture Day,noun
hari_nasional,勤労感謝の日,きんろうかんしゃのひ,,Kinrou Kansha no Hi,Hari Apresiasi Pekerja,Labor Thanksgiving Day,noun
hari_nasional,天皇誕生日,てんのうたんじょうび,,Tennou Tanjoubi,Hari Ulang Tahun Kaisar,Emperor's Birthday,noun
anggota_tubuh,頭,あたま,,atama,kepala,head,noun
anggota_tubuh,目,め,,me,mata,eye,noun
anggota_tubuh,耳,みみ,,mimi,telinga,ear,noun
anggota_tubuh,口,くち,,kuchi,mulut,mouth,noun
anggota_tubuh,鼻,はな,,hana,hidung,nose,noun
anggota_tubuh,手,て,,te,tangan,hand,noun
anggota_tubuh,指,ゆび,,yubi,jari,finger,noun
anggota_tubuh,足,あし,,ashi,kaki,leg/foot,noun
anggota_tubuh,膝,ひざ,,hiza,lutut,knee,noun
anggota_tubuh,背中,せなか,,senaka,punggung,back,noun
anggota_tubuh,心臓,しんぞう,,shinzou,jantung,heart,noun
anggota_tubuh,肺,はい,,hai,paru-paru,lung,noun
anggota_tubuh,骨,ほね,,hone,tulang,bone,noun
anggota_tubuh,肌,はだ,,hada,kulit,skin,noun
anggota_tubuh,歯,は,,ha,gigi,tooth,noun

tempat,学校,がっこう,,gakkou,sekolah,school,noun
tempat,大学,だいがく,,daigaku,universitas,university,noun
tempat,図書館,としょかん,,toshokan,perpustakaan,library,noun
tempat,病院,びょういん,,byouin,rumah sakit,hospital,noun
tempat,薬局,やっきょく,,yakkyoku,apotik,pharmacy,noun
tempat,銀行,ぎんこう,,ginkou,bank,bank,noun
tempat,郵便局,ゆうびんきょく,,yuubinkyoku,kantor pos,post office,noun
tempat,警察署,けいさつしょ,,keisatsusho,kantor polisi,police station,noun
tempat,消防署,しょうぼうしょ,,shoubousho,kantor pemadam kebakaran,fire station,noun
tempat,スーパー,すーぱー,,suupaa,supermarket,supermarket,noun
tempat,コンビニ,こんびに,,konbini,mini market,convenience store,noun
tempat,ホテル,ほてる,,hoteru,hotel,hotel,noun
tempat,レストラン,れすとらん,,resutoran,restoran,restaurant,noun
tempat,カフェ,かふぇ,,kafe,cafe,cafe,noun
tempat,公園,こうえん,,kouen,taman,park,noun
tempat,駅,えき,,eki,stasiun,station,noun
tempat,空港,くうこう,,kuukou,bandara,airport,noun
tempat,港,みなと,,minato,pelabuhan,harbor/port,noun
tempat,映画館,えいがかん,,eigakan,bioskop,movie theater,noun
tempat,博物館,はくぶつかん,,hakubutsukan,museum,museum,noun
tempat,神社,じんじゃ,,jinja,kuil Shinto,Shinto shrine,noun
tempat,寺,てら,,tera,kuil Buddha,Buddhist temple,noun
tempat,動物園,どうぶつえん,,doubutsuen,kebun binatang,zoo,noun
tempat,水族館,すいぞくかん,,suizokukan,aquarium,aquarium,noun
tempat,市場,いちば,,ichiba,pasar,market,noun
tempat,町,まち,,machi,kota,city/town,noun
tempat,村,むら,,mura,desa,village,noun
tempat,橋,はし,,hashi,jembatan,bridge,noun
tempat,道,みち,,michi,jalan,road,noun

transportasi,車,くるま,,kuruma,mobil,car,noun
transportasi,バス,ばす,,basu,bus,bus,noun
transportasi,自転車,じてんしゃ,,jitensha,sepeda,bicycle,noun
transportasi,電車,でんしゃ,,densha,kereta api,train,noun
transportasi,地下鉄,ちかてつ,,chikatetsu,kereta bawah tanah,subway,noun
transportasi,飛行機,ひこうき,,hikouki,pesawat,airplane,noun
transportasi,船,ふね,,fune,kapal,ship/noun
transportasi,タクシー,たくしー,,takushii,taksi,taxi,noun
transportasi,バイク,ばいく,,baiku,motorcycle,motorbike,noun
transportasi,電動キックボード,でんどうきっくぼーど,,dendou kickboard,scooter,electric scooter,noun
transportasi,トラック,とらっく,,torakku,truk,truck,noun
transportasi,救急車,きゅうきゅうしゃ,,kyuukyuusha,ambulans,ambulance,noun
transportasi,消防車,しょうぼうしゃ,,shoubousha, mobil pemadam kebakaran,fire truck,noun
transportasi,警察車両,けいさつしゃりょう,,keisatsu sharyou,mobil polisi,police car,noun
transportasi,新幹線,しんかんせん,,shinkansen,kereta peluru,Bullet train,noun
transportasi,フェリー,ふぇりー,,ferii,feri,ferry,noun
transportasi,気球,ききゅう,,kikyuu,balon udara,hot air balloon,noun
transportasi,ヘリコプター,へりこぷたー,,herikoputaa,helikopter,helicopter,noun
kegiatan,食べる,たべる,,taberu,makan,eat,verb
kegiatan,飲む,のむ,,nomu,minum,drink,verb
kegiatan,見る,みる,,miru,melihat,see,verb
kegiatan,書く,かく,,kaku,menulis,write,verb
kegiatan,聞く,きく,,kiku,mendengar,hear,verb
kegiatan,話す,はなす,,hanasu,berbicara,speak,verb
kegiatan,歩く,あるく,,aruku,berjalan,walk,verb
kegiatan,走る,はしる,,hashiru,berlari,run,verb
kegiatan,泳ぐ,およぐ,,oyogu,berenang,swim,verb
kegiatan,買う,かう,,kau,membeli,buy,verb
kegiatan,売る,うる,,uru,menjual,sell,verb
kegiatan,教える,おしえる,,oshieru,mengajar,teach,verb
kegiatan,学ぶ,まなぶ,,manabu,belajar,learn,verb
kegiatan,習う,ならう,,narau,berlatih,practice,verb
kegiatan,帰る,かえる,,kaeru,pulang,go home,verb
kegiatan,行く,いく,,iku,pergi,go,verb
kegiatan,来る,くる,,kuru,datang,come,verb
kegiatan,待つ,まつ,,matsu,menunggu,wait,verb
kegiatan,立つ,たつ,,tatsu,berdiri,stand,verb
kegiatan,座る,すわる,,suwaru,duduk,sit,verb
kegiatan,寝る,ねる,,neru,tidur,sleep,verb
kegiatan,起きる,おきる,,okiru,bangun,wake up,verb
kegiatan,遊ぶ,あそぶ,,asobu,bermain,play,verb
kegiatan,作る,つくる,,tsukuru,membuat,make,verb
kegiatan,使う,つかう,,tsukau,menggunakan,use,verb
kegiatan,送る,おくる,,okuru,mengirim,send,verb
kegiatan,開ける,あける,,akeru,membuka,open,verb
kegiatan,閉める,しめる,,shimeru,menutup,close,verb
kegiatan,探す,さがす,,sagasu,mencari,search,verb
kegiatan,洗う,あらう,,arau,mencuci,wash,verb
kegiatan,歌う,うたう,,utau,menyanyi,sing,verb
kegiatan,働く,はたらく,,hataraku,bekerja,work,verb
kegiatan,始める,はじめる,,hajimeru,memulai,start,verb
kegiatan,終わる,おわる,,owaru,selesai,finish,verb
kegiatan,助ける,たすける,,tasukeru,menolong,help,verb
kegiatan,呼ぶ,よぶ,,yobu,memanggil,call,verb
kegiatan,忘れる,わすれる,,wasureru,melupakan,forget,verb
kegiatan,覚える,おぼえる,,oboeru,mengingat,remember,verb
kegiatan,笑う,わらう,,warau,tertawa,laugh,verb
kegiatan,泣く,なく,,naku,menangis,cry,verb
kegiatan,勝つ,かつ,,katsu,menang,win,verb
kegiatan,負ける,まける,,makeru,kalah,lose,verb
kegiatan,決める,きめる,,kimeru,memutuskan,decide,verb
kegiatan,選ぶ,えらぶ,,erabu,memilih,choose,verb
kegiatan,集める,あつめる,,atsumeru,mengumpulkan,collect,verb
kegiatan,借りる,かりる,,kariru,meminjam (menerima),borrow,verb
kegiatan,貸す,かす,,kasu,meminjamkan,lend,verb
kegiatan,運ぶ,はこぶ,,hakobu,membawa,carry,verb
kegiatan,飲み込む,のみこむ,,nomikomu,menelan,swallow,verb
kegiatan,掃除する,そうじする,,souji suru,membersihkan,clean,verb
kegiatan,料理する,りょうりする,,ryouri suru,memasak,cook,verb
kegiatan,練習する,れんしゅうする,,renshuu suru,berlatih,practice,verb
kegiatan,勉強する,べんきょうする,,benkyou suru,belajar,study,verb
kegiatan,説明する,せつめいする,,setsumei suru,menjelaskan,explain,verb
kegiatan,紹介する,しょうかいする,,shoukai suru,memperkenalkan,introduce,verb
kegiatan,約束する,やくそくする,,yakusoku suru,berjanji,promise,verb
kegiatan,相談する,そうだんする,,soudan suru,berdiskusi,consult,verb
kegiatan,準備する,じゅんびする,,junbi suru,mempersiapkan,prepare,verb
kegiatan,運転する,うんてんする,,unten suru,menyetir,drive,verb
kegiatan,旅行する,りょこうする,,ryokou suru,bepergian,travel,verb
kegiatan,登録する,とうろくする,,touroku suru,mendaftar,register,verb
kegiatan,予約する,よやくする,,yoyaku suru,memesan,reserve,verb
kegiatan,確認する,かくにんする,,kakunin suru,memastikan,confirm,verb
kegiatan,反対する,はんたいする,,hantai suru,menolak/object,oppose,verb
kegiatan,賛成する,さんせいする,,sansei suru,menyetujui,agree,verb
kegiatan,発表する,はっぴょうする,,happyou suru,mempresentasikan,present,verb
kegiatan,見学する,けんがくする,,kengaku suru,melihat-lihat secara edukatif,observe study,verb
kegiatan,参加する,さんかする,,sanka suru,berpartisipasi,participate,verb
kegiatan,使用する,しようする,,shiyou suru,menggunakan,use,verb
kegiatan,注意する,ちゅういする,,chuui suru,memperingatkan,warn,verb
kegiatan,報告する,ほうこくする,,houkoku suru,melaporkan,report,verb
kegiatan,到着する,とうちゃくする,,touchaku suru,tiba,arrive,verb
kegiatan,出発する,しゅっぱつする,,shuppatsu suru,berangkat,depart,verb
kegiatan,輸入する,ゆにゅうする,,yunyuu suru,mengimpor,import,verb
kegiatan,輸出する,ゆしゅつする,,yushutsu suru,mengekspor,export,verb
kegiatan,発見する,はっけんする,,hakken suru,menemukan,discover,verb
kegiatan,発明する,はつめいする,,hatsumei suru,menciptakan,invent,verb
kegiatan,経験する,けいけんする,,keiken suru,mengalami,experience,verb
kegiatan,緊張する,きんちょうする,,kinchou suru,tegang,nervous,verb
kegiatan,努力する,どりょくする,,doryoku suru,berusaha,make effort,verb
kegiatan,競争する,きょうそうする,,kyousou suru,bersaing,compete,verb
kegiatan,成長する,せいちょうする,,seichou suru,bertumbuh,grow,verb
kegiatan,変化する,へんかする,,henka suru,berubah,change,verb
kegiatan,研究する,けんきゅうする,,kenkyuu suru,meneliti,research,verb
kegiatan,整理する,せいりする,,seiri suru,merapikan,organize,verb
kegiatan,提出する,ていしゅつする,,teishutsu suru,mengumpulkan (tugas),submit,verb
kegiatan,発音する,はつおんする,,hatsuon suru,melafalkan,pronounce,verb
kegiatan,通訳する,つうやくする,,tsuuyaku suru,menjadi penerjemah lisan,interpret,verb
kegiatan,翻訳する,ほんやくする,,honyaku suru,menerjemahkan (tulisan),translate,verb
kegiatan,掃除機をかける,そうじきをかける,,soujiki wo kakeru,menyedot debu,vacuum,verb
kegiatan,電話する,でんわする,,denwa suru,menelpon,call,verb
kegiatan,返信する,へんしんする,,henshin suru,membalas pesan,reply,verb
kegiatan,保存する,ほぞんする,,hozon suru,menyimpan,save,verb
kegiatan,記録する,きろくする,,kiroku suru,mencatat,record,verb
kegiatan,停止する,ていしする,,teishi suru,mematikan/stop,stop,verb
kegiatan,比較する,ひかくする,,hikaku suru,membandingkan,compare,verb
kegiatan,出席する,しゅっせきする,,shusseki suru,hadir,attend,verb
kegiatan,欠席する,けっせきする,,kesseki suru,tidak hadir,absent,verb
kegiatan,応援する,おうえんする,,ouen suru,menyemangati,support,verb
kegiatan,感謝する,かんしゃする,,kansha suru,berterima kasih,thank,verb
kegiatan,謝る,あやまる,,ayamaru,meminta maaf,apologize,verb
kegiatan,案内する,あんないする,,annai suru,memandu,guide,verb
kegiatan,紹介する,しょうかいする,,shoukai suru,memperkenalkan,introduce,verb
kegiatan,観光する,かんこうする,,kankou suru,berwisata,sightsee,verb
kegiatan,登る,のぼる,,noboru,memanjat,climb,verb
kegiatan,配る,くばる,,kubaru,membagikan,distribute,verb
kegiatan,断る,ことわる,,kotowaru,menolak,decline,verb
kegiatan,許す,ゆるす,,yurusu,mengizinkan,allow,verb
kegiatan,届ける,とどける,,todokeru,mengantarkan,deliver,verb
kegiatan,盗む,ぬすむ,,nusumu,mencuri,steal,verb
kegiatan,騙す,だます,,damasu,menipu,deceive,verb
kegiatan,驚く,おどろく,,odoroku,terkejut,be surprised,verb
kegiatan,見送る,みおくる,,miokuru,mengantar (melepas),see off,verb
kegiatan,祝う,いわう,,iwau,merayakan,celebrate,verb
kegiatan,投げる,なげる,,nageru,melempar,throw,verb
kegiatan,拾う,ひろう,,hirou,memungut,pick up,verb
kegiatan,壊す,こわす,,kowasu,merusak,destroy,verb
kegiatan,直す,なおす,,naosu,memperbaiki,fix,verb
kegiatan,治す,なおす,,naosu,menyembuhkan,heal,verb
kegiatan,守る,まもる,,mamoru,melindungi,protect,verb
kegiatan,残す,のこす,,nokosu,menyisakan,leave behind,verb
kegiatan,預ける,あずける,,azukeru,menitipkan,deposit,verb
kegiatan,預かる,あずかる,,azukaru,menitipi (menerima titipan),keep for someone,verb
kegiatan,破る,やぶる,,yaburu,merobek,tear,verb
kegiatan,折る,おる,,oru,mematahkan,break,verb
kegiatan,見つける,みつける,,mitsukeru,menemukan,find,verb
kegiatan,逃げる,にげる,,nigeru,melarikan diri,escape,verb
kegiatan,捕まえる,つかまえる,,tsukamaeru,menangkap,catch,verb
kegiatan,追いかける,おいかける,,oikakeru,mengikuti/mengejar,chase,verb
kegiatan,隠す,かくす,,kakusu,menyembunyikan,hide,verb
kegiatan,隠れる,かくれる,,kakureru,bersembunyi,hide oneself,verb
kegiatan,燃やす,もやす,,moyasu,membakar,burn,verb
kegiatan,乾かす,かわかす,,kawakasu,mengeringkan,dry,verb
kegiatan,冷やす,ひやす,,hiyasu,mendinginkan,cool,verb
kegiatan,温める,あたためる,,atatameru,menghangatkan,warm,verb
kegiatan,腐る,くさる,,kusaru,membusuk,rot,verb
kegiatan,驚かす,おどろかす,,odorokasu,mengejutkan,surprise,verb
kegiatan,運ぶ,はこぶ,,hakobu,membawa,carry,verb
kegiatan,褒める,ほめる,,homeru,memuji,praise,verb
kegiatan,叫ぶ,さけぶ,,sakebu,berteriak,scream,verb

Sekolah,学校,がっこう,ガッコウ,gakkou,sekolah,school,tempat
Sekolah,小学校,しょうがっこう,ショウガッコウ,shougakkou,sekolah dasar,elementary school,tempat
Sekolah,中学校,ちゅうがっこう,チュウガッコウ,chuugakkou,sekolah menengah pertama,junior high school,tempat
Sekolah,高校,こうこう,コウコウ,koukou,sekolah menengah atas,high school,tempat
Sekolah,大学,だいがく,ダイガク,daigaku,universitas,university,tempat
Sekolah,教室,きょうしつ,キョウシツ,kyoushitsu,ruang kelas,classroom,tempat
Sekolah,図書館,としょかん,トショカン,toshokan,perpustakaan,library,tempat
Sekolah,体育館,たいいくかん,タイイクカン,taiikukan,gedung olahraga,gymnasium,tempat
Sekolah,校庭,こうてい,コウテイ,koutei,halaman sekolah,schoolyard,tempat
Sekolah,職員室,しょくいんしつ,ショクインシツ,shokuinshitsu,ruang guru,staff room,tempat
Sekolah,校長,こうちょう,コウチョウ,kouchou,kepala sekolah,principal,orang
Sekolah,先生,せんせい,センセイ,sensei,guru,teacher,orang
Sekolah,生徒,せいと,セイト,seito,murid,student,orang
Sekolah,学生,がくせい,ガクセイ,gakusei,siswa,student,orang
Sekolah,授業,じゅぎょう,ジュギョウ,jugyou,pelajaran,class/lesson,aktivitas
Sekolah,試験,しけん,シケン,shiken,ujian,exam,aktivitas
Sekolah,宿題,しゅくだい,シュクダイ,shukudai,pekerjaan rumah,homework,benda
Sekolah,教科書,きょうかしょ,キョウカショ,kyoukasho,buku pelajaran,textbook,benda
Sekolah,ノート,のーと,ノート,nooto,buku catatan,notebook,benda
Sekolah,ペン,ぺん,ペン,pen,pena,pen,benda
Sekolah,鉛筆,えんぴつ,エンピツ,enpitsu,pensil,pencil,benda
Sekolah,消しゴム,けしごむ,ケシゴム,keshigomu,penghapus,eraser,benda
Sekolah,定規,じょうぎ,ジョウギ,jougi,penggaris,ruler,benda
Sekolah,カバン,かばん,カバン,kaban,tas sekolah,bag,benda
Sekolah,机,つくえ,ツクエ,tsukue,meja,desk,benda
Sekolah,椅子,いす,イス,isu,kursi,chair,benda
Sekolah,黒板,こくばん,コクバン,kokuban,papan tulis,blackboard,benda
Sekolah,チョーク,ちょーく,チョーク,chooku,kapur,chalk,benda
Sekolah,ホワイトボード,ほわいとぼーど,ホワイトボード,howaitobo-do,papan putih,whiteboard,benda
Sekolah,教壇,きょうだん,キョウダン,kyoudan,podium guru,teacher’s podium,benda
Sekolah,窓,まど,マド,mado,jendela,window,benda
Sekolah,ドア,どあ,ドア,doa,pintu,door,benda
Sekolah,時計,とけい,トケイ,tokei,jam dinding,clock,benda
Sekolah,掃除,そうじ,ソウジ,souji,bersih-bersih,cleaning,aktivitas
Sekolah,校舎,こうしゃ,コウシャ,kousha,gedung sekolah,school building,tempat
Sekolah,校門,こうもん,コウモン,koumon,gerbang sekolah,school gate,tempat
Sekolah,体育,たいいく,タイイク,taiiku,olahraga,physical education,pelajaran
Sekolah,数学,すうがく,スウガク,suugaku,matematika,mathematics,pelajaran
Sekolah,理科,りか,リカ,rika,ilmu pengetahuan alam,science,pelajaran
Sekolah,社会,しゃかい,シャカイ,shakai,ilmu sosial,social studies,pelajaran
Sekolah,国語,こくご,コクゴ,kokugo,bahasa Jepang,Japanese language,pelajaran
Sekolah,英語,えいご,エイゴ,eigo,bahasa Inggris,English,pelajaran
Sekolah,音楽,おんがく,オンガク,ongaku,musik,music,pelajaran
Sekolah,美術,びじゅつ,ビジュツ,bijutsu,seni,art,pelajaran
Sekolah,クラブ活動,くらぶかつどう,クラブカツドウ,kurabu katsudou,kegiatan klub,club activity,aktivitas
Sekolah,図工,ずこう,ズコウ,zukou,keterampilan tangan,arts and crafts,pelajaran
Sekolah,体育祭,たいいくさい,タイイクサイ,taiikusai,festival olahraga,sports festival,acara
Sekolah,文化祭,ぶんかさい,ブンカサイ,bunkasai,festival budaya,cultural festival,acara
Mata Pelajaran,国語,こくご,コクゴ,kokugo,bahasa Jepang,Japanese language,pelajaran
Mata Pelajaran,英語,えいご,エイゴ,eigo,bahasa Inggris,English,pelajaran
Mata Pelajaran,数学,すうがく,スウガク,suugaku,matematika,mathematics,pelajaran
Mata Pelajaran,理科,りか,リカ,rika,ilmu pengetahuan alam,science,pelajaran
Mata Pelajaran,社会,しゃかい,シャカイ,shakai,ilmu sosial,social studies,pelajaran
Mata Pelajaran,歴史,れきし,レキシ,rekishi,sejarah,history,pelajaran
Mata Pelajaran,地理,ちり,チリ,chiri,geografi,geography,pelajaran
Mata Pelajaran,体育,たいいく,タイイク,taiiku,olahraga,physical education,pelajaran
Mata Pelajaran,音楽,おんがく,オンガク,ongaku,musik,music,pelajaran
Mata Pelajaran,美術,びじゅつ,ビジュツ,bijutsu,seni rupa,art,pelajaran
Mata Pelajaran,家庭科,かていか,カテイカ,kateika,tata boga,home economics,pelajaran
Mata Pelajaran,技術,ぎじゅつ,ギジュツ,gijutsu,teknik,technology,pelajaran
Mata Pelajaran,保健,ほけん,ホケン,hoken,kesehatan,health education,pelajaran
Mata Pelajaran,情報,じょうほう,ジョウホウ,jouhou,teknologi informasi,information technology,pelajaran
Mata Pelajaran,生物,せいぶつ,セイブツ,seibutsu,biologi,biology,pelajaran
Mata Pelajaran,化学,かがく,カガク,kagaku,kimia,chemistry,pelajaran
Mata Pelajaran,物理,ぶつり,ブツリ,butsuri,fisika,physics,pelajaran
Mata Pelajaran,経済,けいざい,ケイザイ,keizai,ekonomi,economics,pelajaran
Mata Pelajaran,政治,せいじ,セイジ,seiji,politik,politics,pelajaran
Mata Pelajaran,哲学,てつがく,テツガク,tetsugaku,filsafat,philosophy,pelajaran
Mata Pelajaran,書道,しょどう,ショドウ,shodou,kaligrafi Jepang,calligraphy,pelajaran
Mata Pelajaran,日本史,にほんし,ニホンシ,nihonshi,sejarah Jepang,Japanese history,pelajaran
Mata Pelajaran,世界史,せかいし,セカイシ,sekaishi,sejarah dunia,world history,pelajaran
Mata Pelajaran,現代文,げんだいぶん,ゲンダイブン,gendaibun,sastra modern,modern literature,pelajaran
Mata Pelajaran,古文,こぶん,コブン,kobun,sastra klasik,classical literature,pelajaran
Mata Pelajaran,漢文,かんぶん,カンブン,kanbun,teks klasik Cina,Chinese classics,pelajaran
Hobi,読書,どくしょ,ドクショ,dokusho,membaca buku,reading,hobi
Hobi,音楽,おんがく,オンガク,ongaku,mendengarkan musik,listening to music,hobi
Hobi,旅行,りょこう,リョコウ,ryokou,bepergian,traveling,hobi
Hobi,写真,しゃしん,シャシン,shashin,fotografi,photography,hobi
Hobi,映画,えいが,エイガ,eiga,menonton film,watching movies,hobi
Hobi,料理,りょうり,リョウリ,ryouri,memasak,cooking,hobi
Hobi,園芸,えんげい,エンゲイ,engei,berkebun,gardening,hobi
Hobi,絵を描く,えをかく,エヲカク,e o kaku,menggambar,drawing,hobi
Hobi,ゲーム,げーむ,ゲーム,geemu,bermain game,gaming,hobi
Hobi,スポーツ,すぽーつ,スポーツ,supootsu,olahraga,sports,hobi
Hobi,ジョギング,じょぎんぐ,ジョギング,jogingu,jogging,jogging,hobi
Hobi,サッカー,さっかー,サッカー,sakkaa,sepak bola,soccer,hobi
Hobi,バスケットボール,ばすけっとぼーる,バスケットボール,basukettobo-ru,bola basket,basketball,hobi
Hobi,テニス,てにす,テニス,tenisu,tenis,tennis,hobi
Hobi,サーフィン,さーふぃん,サーフィン,saafin,berselancar,surfing,hobi
Hobi,ダンス,だんす,ダンス,dansu,menari,dancing,hobi
Hobi,カラオケ,からおけ,カラオケ,karaoke,bernyanyi karaoke,karaoke,hobi
Hobi,手芸,しゅげい,シュゲイ,shugei,kerajinan tangan,handicraft,hobi
Hobi,登山,とざん,トザン,tozan,mendaki gunung,mountain climbing,hobi
Hobi,釣り,つり,ツリ,tsuri,memancing,fishing,hobi
Hobi,編み物,あみもの,アミモノ,amimono,merajut,knitting,hobi
Hobi,書道,しょどう,ショドウ,shodou,kaligrafi Jepang,calligraphy,hobi
Hobi,楽器,がっき,ガッキ,gakki,bermain alat musik,playing instruments,hobi
Hobi,ピアノ,ぴあの,ピアノ,piano,bermain piano,playing piano,hobi
Hobi,ギター,ぎたー,ギター,gitaa,bermain gitar,playing guitar,hobi
Hobi,旅行計画,りょこうけいかく,リョコウケイカク,ryokou keikaku,merencanakan perjalanan,trip planning,hobi

Arah,上,うえ,ウエ,ue,atas,above,posisi
Arah,下,した,シタ,shita,bawah,below,posisi
Arah,中,なか,ナカ,naka,di dalam,inside,posisi
Arah,外,そと,ソト,soto,di luar,outside,posisi
Arah,前,まえ,マエ,mae,di depan,in front,posisi
Arah,後ろ,うしろ,ウシロ,ushiro,di belakang,behind,posisi
Arah,右,みぎ,ミギ,migi,kanan,right,posisi
Arah,左,ひだり,ヒダリ,hidari,kiri,left,posisi
Arah,隣,となり,トナリ,tonari,di sebelah,next to,posisi
Arah,横,よこ,ヨコ,yoko,di samping,beside,posisi
Arah,間,あいだ,アイダ,aida,di antara,between,posisi
Arah,近く,ちかく,チカク,chikaku,di dekat,near,posisi
Arah,遠く,とおく,トオク,tooku,di jauh,far,posisi
Arah,向かい,むかい,ムカイ,mukai,berhadapan dengan,opposite,posisi
Arah,中央,ちゅうおう,チュウオウ,chuuou,pusat,center,posisi
Arah,周り,まわり,マワリ,mawari,sekitar,around,posisi
Arah,上側,うえがわ,ウエガワ,uegawa,bagian atas,upper side,posisi
Arah,下側,したがわ,シタガワ,shitagawa,bagian bawah,lower side,posisi
Arah,右側,みぎがわ,ミギガワ,migigawa,sisi kanan,right side,posisi
Arah,左側,ひだりがわ,ヒダリガワ,hidarigawa,sisi kiri,left side,posisi
Arah,内側,うちがわ,ウチガワ,uchigawa,bagian dalam,inner side,posisi
Arah,外側,そとがわ,ソトガワ,sotogawa,bagian luar,outer side,posisi
Arah,手前,てまえ,テマエ,temae,dekat/paling depan,near side,posisi
Arah,奥,おく,オク,oku,bagian dalam/depan sekali,inner/back side,posisi
Mata Angin,北,きた,キタ,kita,utara,north,mata angin
Mata Angin,南,みなみ,ミナミ,minami,selatan,south,mata angin
Mata Angin,東,ひがし,ヒガシ,higashi,timur,east,mata angin
Mata Angin,西,にし,ニシ,nishi,barat,west,mata angin
Mata Angin,北東,ほくとう,ホクトウ,hokutou,timur laut,northeast,mata angin
Mata Angin,北西,ほくせい,ホクセイ,hokusei,barat laut,northwest,mata angin
Mata Angin,南東,なんとう,ナントウ,nantou,tenggara,southeast,mata angin
Mata Angin,南西,なんせい,ナンセイ,nansei,barat daya,southwest,mata angin
Mata Angin,中央,ちゅうおう,チュウオウ,chuuou,tengah/pusat,center,mata angin
Arah,T方向,ほうこう,ホウコウ,houkou,arah,direction,konsep
Arah,位置,いち,イチ,ichi,posisi,position,konsep
Arah,方角,ほうがく,ホウガク,hougaku,arah mata angin,cardinal direction,konsep
Arah,向き,むき,ムキ,muki,arah hadap,orientation,konsep
Arah,上に,うえに,ウエニ,ue ni,di atas sesuatu,on top,posisi
Arah,下に,したに,シタニ,shita ni,di bawah sesuatu,under,posisi
Arah,前に,まえに,マエニ,mae ni,di depan sesuatu,in front of,posisi
Arah,後ろに,うしろに,ウシロニ,ushiro ni,di belakang sesuatu,behind,posisi
Arah,中に,なかに,ナカニ,naka ni,di dalam sesuatu,inside,posisi
Arah,外に,そとに,ソトニ,soto ni,di luar sesuatu,outside,posisi
Arah,右に,みぎに,ミギニ,migi ni,di sebelah kanan,to the right,posisi
Arah,左に,ひだりに,ヒダリニ,hidari ni,di sebelah kiri,to the left,posisi

Negara,日本,にほん,ニホン,nihon,Jepang,Japan,negara
Negara,アメリカ,あめりか,アメリカ,amerika,Amerika Serikat,United States,negara
Negara,イギリス,いぎりす,イギリス,igirisu,Inggris,United Kingdom,negara
Negara,フランス,ふらんす,フランス,furansu,Perancis,France,negara
Negara,ドイツ,どいつ,ドイツ,doitsu,Jerman,Germany,negara
Negara,イタリア,いたりあ,イタリア,itaria,Italia,Italy,negara
Negara,スペイン,すぺいん,スペイン,supein,Spanyol,Spain,negara
Negara,ポルトガル,ぽるとがる,ポルトガル,porutogaru,Portugal,Portugal,negara
Negara,ロシア,ろしあ,ロシア,roshia,Rusia,Russia,negara
Negara,中国,ちゅうごく,チュウゴク,chuugoku,Tiongkok,China,negara
Negara,韓国,かんこく,カンコク,kankoku,Korea Selatan,South Korea,negara
Negara,北朝鮮,きたちょうせん,キタチョウセン,kitachousen,Korea Utara,North Korea,negara
Negara,台湾,たいわん,タイワン,taiwan,Taiwan,Taiwan,negara
Negara,インド,いんど,インド,indo,India,India,negara
Negara,インドネシア,いんどねしあ,インドネシア,indoneshia,Indonesia,Indonesia,negara
Negara,マレーシア,まれーしあ,マレーシア,mareeshia,Malaysia,Malaysia,negara
Negara,シンガポール,しんがぽーる,シンガポール,shingapo-ru,Singapura,Singapore,negara
Negara,タイ,たい,タイ,tai,Thailand,Thailand,negara
Negara,フィリピン,ふぃりぴん,フィリピン,firipin,Filipina,Philippines,negara
Negara,ベトナム,べとなむ,ベトナム,betonamu,Vietnam,Vietnam,negara
Negara,カンボジア,かんぼじあ,カンボジア,kanbojia,Kamboja,Cambodia,negara
Negara,オーストラリア,おーすとらりあ,オーストラリア,ousutoraria,Australia,Australia,negara
Negara,ニュージーランド,にゅーじーらんど,ニュージーランド,nyu-ji-rando,Selandia Baru,New Zealand,negara
Negara,カナダ,かなだ,カナダ,kanada,Kanada,Canada,negara
Negara,メキシコ,めきしこ,メキシコ,mekishiko,Meksiko,Mexico,negara
Negara,ブラジル,ぶらじる,ブラジル,burajiru,Brasil,Brazil,negara
Negara,アルゼンチン,あるぜんちん,アルゼンチン,aruzenchin,Argentina,Argentina,negara
Negara,エジプト,えじぷと,エジプト,ejiputo,Mesir,Egypt,negara
Negara,南アフリカ,みなみあふりか,ミナミアフリカ,minami afurika,Afrika Selatan,South Africa,negara
Negara,トルコ,とるこ,トルコ,toruko,Turki,Turkey,negara
Negara,サウジアラビア,さうじあらびあ,サウジアラビア,saujia rabia,Arab Saudi,Saudi Arabia,negara
Negara,イスラエル,いすらえる,イスラエル,isuraeru,Israel,Israel,negara
Negara,イラン,いらん,イラン,iran,Iran,Iran,negara
Negara,イラク,いらく,イラク,iraku,Irak,Iraq,negara
Negara,ギリシャ,ぎりしゃ,ギリシャ,girisha,Yunani,Greece,negara
Negara,スイス,すいす,スイス,suizu,Swiss,Switzerland,negara
Negara,スウェーデン,すうぇーでん,スウェーデン,suwe-den,Swedia,Sweden,negara
Negara,ノルウェー,のるうぇー,ノルウェー,noruwe-,Norwegia,Norway,negara
Negara,フィンランド,ふぃんらんど,フィンランド,finrando,Finlandia,Finland,negara
Negara,デンマーク,でんまーく,デンマーク,denma-ku,Denmark,Denmark,negara
Negara,オランダ,おらんだ,オランダ,oranda,Belanda,Netherlands,negara
Negara,ベルギー,べるぎー,ベルギー,berugii,Belgia,Belgium,negara
Negara,ポーランド,ぽーらんど,ポーランド,po-rando,Polandia,Poland,negara
Negara,チェコ,ちぇこ,チェコ,cheko,Republik Ceko,Czech Republic,negara
Negara,ハンガリー,はんがりー,ハンガリー,hangarii,Hongaria,Hungary,negara
Negara,ウクライナ,うくらいな,ウクライナ,ukuraina,Ukraina,Ukraine,negara
Negara,アイルランド,あいるらんど,アイルランド,airurando,Irlandia,Ireland,negara
Negara,スコットランド,すこっとらんど,スコットランド,sukottorando,Skotlandia,Scotland,negara
Kata Sifat,大きい,おおきい,オオキイ,ookii,besar,big,i-adjective
Kata Sifat,小さい,ちいさい,チイサイ,chiisai,kecil,small,i-adjective
Kata Sifat,長い,ながい,ナガイ,nagai,panjang,long,i-adjective
Kata Sifat,短い,みじかい,ミジカイ,mijikai,pendek,short,i-adjective
Kata Sifat,高い,たかい,タカイ,takai,tinggi/mahal,tall/expensive,i-adjective
Kata Sifat,低い,ひくい,ヒクイ,hikui,pendek/rendah,short/low,i-adjective
Kata Sifat,新しい,あたらしい,アタラシイ,atarashii,baru,new,i-adjective
Kata Sifat,古い,ふるい,フルイ,furui,lama,old,i-adjective
Kata Sifat,良い,いい,イイ,ii,baik,good,i-adjective
Kata Sifat,悪い,わるい,ワルイ,warui,buruk,bad,i-adjective
Kata Sifat,暑い,あつい,アツイ,atsui,panas (cuaca),hot,i-adjective
Kata Sifat,寒い,さむい,サムイ,samui,dingin (cuaca),cold,i-adjective
Kata Sifat,熱い,あつい,アツイ,atsui,panas (benda),hot (object),i-adjective
Kata Sifat,冷たい,つめたい,ツメタイ,tsumetai,dingin (sentuhan),cold (touch),i-adjective
Kata Sifat,甘い,あまい,アマイ,amai,manis,sweet,i-adjective
Kata Sifat,辛い,からい,カライ,karai,pedas,spicy,i-adjective
Kata Sifat,塩辛い,しおからい,シオカライ,shiokarai,asin,salty,i-adjective
Kata Sifat,苦い,にがい,ニガイ,nigai,pahit,bitter,i-adjective
Kata Sifat,酸っぱい,すっぱい,スッパイ,suppai,asam,sour,i-adjective
Kata Sifat,きれい,きれい,キレイ,kirei,indah/bersih,beautiful/clean,na-adjective
Kata Sifat,汚い,きたない,キタナイ,kitanai,kotor,dirty,i-adjective
Kata Sifat,かわいい,かわいい,カワイイ,kawaii,lucu/cantik,cute,i-adjective
Kata Sifat,かっこいい,かっこいい,カッコイイ,kakkoii,keren/cool,cool,i-adjective
Kata Sifat,静か,しずか,シズカ,shizuka,tenang,quiet,na-adjective
Kata Sifat,にぎやか,にぎやか,ニギヤカ,nigiyaka,ramai,lively,na-adjective
Kata Sifat,便利,べんり,ベンリ,benri,praktis,convenient,na-adjective
Kata Sifat,不便,ふべん,フベン,fuben,tidak praktis,inconvenient,na-adjective
Kata Sifat,有名,ゆうめい,ユウメイ,yuumei,terkenal,famous,na-adjective
Kata Sifat,元気,げんき,ゲンキ,genki,sehat/bersemangat,healthy/energetic,na-adjective
Kata Sifat,親切,しんせつ,シンセツ,shinsetsu,baik hati,kind,na-adjective
Kata Sifat,大丈夫,だいじょうぶ,ダイジョウブ,daijoubu,baik-baik saja,okay,na-adjective
Kata Sifat,暇,ひま,ヒマ,hima,luang/free,free (time),na-adjective
Kata Sifat,上手,じょうず,ジョウズ,jouzu,pandai,skillful,na-adjective
Kata Sifat,下手,へた,ヘタ,heta,tidak pandai,unskillful,na-adjective
Kata Sifat,強い,つよい,ツヨイ,tsuyoi,kuat,strong,i-adjective
Kata Sifat,弱い,よわい,ヨワイ,yowai,lemah,weak,i-adjective
Kata Sifat,速い,はやい,ハヤイ,hayai,cepat,fast,i-adjective
Kata Sifat,遅い,おそい,オソイ,osoi,lama/lambat,slow,i-adjective
Kata Sifat,明るい,あかるい,アカルイ,akarui,cerah/ceria,bright/cheerful,i-adjective
Kata Sifat,暗い,くらい,クライ,kurai,gelap, dark,i-adjective
Kata Sifat,楽しい,たのしい,タノシイ,tanoshii,menyenangkan,fun,i-adjective
Kata Sifat,悲しい,かなしい,カナシイ,kanashii,sedih,sad,i-adjective
Kata Sifat,怖い,こわい,コワイ,kowai,menakutkan,scary,i-adjective
Kata Sifat,美しい,うつくしい,ウツクシイ,utsukushii,indah,beautiful,i-adjective
Kata Sifat,安い,やすい,ヤスイ,yasui,murah,cheap,i-adjective
Kata Sifat,高価,こうか,コウカ,kouka,mahal,expensive,na-adjective
Kata Sifat,短気,たんき,タンキ,tanki,emosional,short-tempered,na-adjective
Kata Sifat,真面目,まじめ,マジメ,majime,serius,serious,na-adjective
Kata Sifat,面白い,おもしろい,オモシロイ,omoshiroi,menarik,interesting,i-adjective
Kata Sifat,つまらない,つまらない,ツマラナイ,tsumaranai,membosankan,boring,i-adjective
Kata Sifat,広い,ひろい,ヒロイ,hiroi,luas,spacious,i-adjective
Kata Sifat,狭い,せまい,セマイ,semmai,sempit,narrow,i-adjective
Kata Sifat,深い,ふかい,フカイ,fukai,dalam,deep,i-adjective
Kata Sifat,浅い,あさい,アサイ,asai, dangkal,shallow,i-adjective
Kata Sifat,正しい,ただしい,タダシイ,tadashii,benar,correct,i-adjective
Kata Sifat,間違い,まちがい,マチガイ,machigai,salah,wrong,i-adjective
Kata Sifat,うるさい,うるさい,ウルサイ,urusai,berisik,noisy,i-adjective
Kata Sifat,静か,しずか,シズカ,shizuka,tenang,quiet,na-adjective
Kata Sifat,美味しい,おいしい,オイシイ,oishii,enak,delicious,i-adjective
Kata Sifat,まずい,まずい,マズイ,mazui,tidak enak,not tasty,i-adjective
Uchi,家,いえ,イエ,ie,rumah,house,noun
Uchi,部屋,へや,ヘヤ,heya,kamar,room,noun
Uchi,台所,だいどころ,ダイドコロ,daidokoro,dapur,kitchen,noun
Uchi,風呂,ふろ,フロ,furo,kamar mandi,bathroom,noun
Uchi,トイレ,といれ,トイレ,toire,toilet,toilet,noun
Uchi,庭,にわ,ニワ,niwa,taman,garden,noun
Uchi,玄関,げんかん,ゲンカン,genkan,pintu masuk,entrance,noun
Uchi,窓,まど,マド,mado,jendela,window,noun
Uchi,ドア,どあ,ドア,doa,pintu,door,noun
Uchi,天井,てんじょう,テンジョウ,tenjou,langit-langit,ceiling,noun
Uchi,床,ゆか,ユカ,yuka,lantai,floor,noun
Uchi,机,つくえ,ツクエ,tsukue,meja,desk,noun
Uchi,椅子,いす,イス,isu,kursi,chair,noun
Uchi,ベッド,べっど,ベッド,beddo,tempat tidur,bed,noun
Uchi,冷蔵庫,れいぞうこ,レイゾウコ,reizouko,kulkas,refrigerator,noun
Uchi,洗濯機,せんたくき,センタクキ,sentakuki,mesin cuci,washing machine,noun
Uchi,テレビ,てれび,テレビ,terebi,televisi,television,noun
Uchi,ソファー,そふぁー,ソファー,sofaa,sofa,sofa,noun
Uchi,時計,とけい,トケイ,tokei,jam,clock,noun
Uchi,家族,かぞく,カゾク,kazoku,keluarga,family,noun
Uchi,父,ちち,チチ,chichi,ayah,father,noun
Uchi,母,はは,ハハ,haha,ibu,mother,noun
Uchi,兄,あに,アニ,ani,kakak laki-laki,older brother,noun
Uchi,姉,あね,アネ,ane,kakak perempuan,older sister,noun
Uchi,弟,おとうと,オトウト,otouto,adik laki-laki,younger brother,noun
Uchi,妹,いもうと,イモウト,imouto,adik perempuan,younger sister,noun
Uchi,ペット,ぺっと,ペット,pett,hewan peliharaan,pet,noun
Uchi,猫,ねこ,ネコ,neko,kucing,cat,noun
Uchi,犬,いぬ,イヌ,inu,anjing,dog,noun
Uchi,掃除する,そうじする,ソウジスル,souji suru,bersih-bersih,to clean,verb
Uchi,料理する,りょうりする,リョウリスル,ryouri suru,memasak,to cook,verb
Uchi,寝る,ねる,ネル,neru,tidur,to sleep,verb
Uchi,起きる,おきる,オキル,okiru,bangun,to wake up,verb
Uchi,座る,すわる,スワル,suwaru,duduk,to sit,verb
Uchi,立つ,たつ,タツ,tatsu,berdiri,to stand,verb
Uchi,開ける,あける,アケル,akeru,membuka,to open,verb
Uchi,閉める,しめる,シメル,shimeru,menutup,to close,verb
Mainichi no Seikatsu,朝,あさ,アサ,asa,pagi,morning,noun
Mainichi no Seikatsu,昼,ひる,ヒル,hiru,siang,noon,noun
Mainichi no Seikatsu,夜,よる,ヨル,yoru,malam,night,noun
Mainichi no Seikatsu,起きる,おきる,オキル,okiru,bangun tidur,to wake up,verb
Mainichi no Seikatsu,食べる,たべる,タベル,taberu,makan,to eat,verb
Mainichi no Seikatsu,飲む,のむ,ノム,nomu,minum,to drink,verb
Mainichi no Seikatsu,行く,いく,イク,iku,pergi,to go,verb
Mainichi no Seikatsu,来る,くる,クル,kuru,datang,to come,verb
Mainichi no Seikatsu,働く,はたらく,ハタラク,hataraku,bekerja,to work,verb
Mainichi no Seikatsu,勉強する,べんきょうする,ベンキョウスル,benkyou suru,belajar,to study,verb
Mainichi no Seikatsu,洗う,あらう,アラウ,arau,mencuci,to wash,verb
Mainichi no Seikatsu,着る,きる,キル,kiru,memakai pakaian,to wear,verb
Mainichi no Seikatsu,歯を磨く,はをみがく,ハヲミガク,ha wo migaku,menyikat gigi,to brush teeth,verb
Mainichi no Seikatsu,寝る,ねる,ネル,neru,tidur,to sleep,verb
Mainichi no Seikatsu,休む,やすむ,ヤスム,yasumu,istirahat,to rest,verb
Mainichi no Seikatsu,買い物する,かいものする,カイモノスル,kaimono suru,berbelanja,to shop,verb
Mainichi no Seikatsu,仕事,しごと,シゴト,shigoto,pekerjaan,work,noun
Mainichi no Seikatsu,学校,がっこう,ガッコウ,gakkou,sekolah,school,noun
Mainichi no Seikatsu,授業,じゅぎょう,ジュギョウ,jugyou,pelajaran,lesson,noun
Mainichi no Seikatsu,友達,ともだち,トモダチ,tomodachi,teman,friend,noun
Mainichi no Seikatsu,メール,めーる,メール,meeru,email,email,noun
Mainichi no Seikatsu,電話,でんわ,デンワ,denwa,telepon,telephone,noun
Mainichi no Seikatsu,朝ご飯,あさごはん,アサゴハン,asagohan,sarapan,breakfast,noun
Mainichi no Seikatsu,昼ご飯,ひるごはん,ヒルゴハン,hirugohan,makan siang,lunch,noun
Mainichi no Seikatsu,晩ご飯,ばんごはん,バンゴハン,bangohan,makan malam,dinner,noun
Mainichi no Seikatsu,運動する,うんどうする,ウンドウスル,undou suru,berolahraga,to exercise,verb
Mainichi no Seikatsu,散歩する,さんぽする,サンポスル,sanpo suru,jalan-jalan,to take a walk,verb
Mainichi no Seikatsu,寝坊する,ねぼうする,ネボウスル,nebou suru,telat bangun,to oversleep,verb
Mainichi no Seikatsu,働きます,はたらきます,ハタラキマス,hatarakimasu,bekerja,to work (polite),verb
TKA Nihongo A1,こんにちは,こんにちは,コンニチハ,konnichiwa,selamat siang,hello,aisatsu
TKA Nihongo A1,おはようございます,おはようございます,オハヨウゴザイマス,ohayou gozaimasu,selamat pagi,good morning,aisatsu
TKA Nihongo A1,こんばんは,こんばんは,コンバンハ,konbanwa,selamat malam,good evening,aisatsu
TKA Nihongo A1,さようなら,さようなら,サヨウナラ,sayounara,selamat tinggal,goodbye,aisatsu
TKA Nihongo A1,ありがとう,ありがとう,アリガトウ,arigatou,terima kasih,thank you,aisatsu
TKA Nihongo A1,すみません,すみません,スミマセン,sumimasen,permisi/maaf,excuse me,aisatsu
TKA Nihongo A1,はい,はい,ハイ,hai,ya,yes,partikel
TKA Nihongo A1,いいえ,いいえ,イイエ,iie,tidak,no,partikel
TKA Nihongo A1,わたし,わたし,ワタシ,watashi,saya,I,pronomina
TKA Nihongo A1,あなた,あなた,アナタ,anata,kamu,you,pronomina
TKA Nihongo A1,ともだち,ともだち,トモダチ,tomodachi,teman,friend,noun
TKA Nihongo A1,せんせい,せんせい,センセイ,sensei,guru,teacher,noun
TKA Nihongo A1,がくせい,がくせい,ガクセイ,gakusei,siswa,student,noun
TKA Nihongo A1,がっこう,がっこう,ガッコウ,gakkou,sekolah,school,noun
TKA Nihongo A1,きょうしつ,きょうしつ,キョウシツ,kyoushitsu,kelas,classroom,noun
TKA Nihongo A1,つくえ,つくえ,ツクエ,tsukue,meja,desk,noun
TKA Nihongo A1,いす,いす,イス,isu,kursi,chair,noun
TKA Nihongo A1,ほん,ほん,ホン,hon,buku,book,noun
TKA Nihongo A1,えんぴつ,えんぴつ,エンピツ,enpitsu,pensil,pencil,noun
TKA Nihongo A1,けしごむ,けしごむ,ケシゴム,keshigomu,penghapus,eraser,noun
TKA Nihongo A1,ノート,のーと,ノート,nooto,buku catatan,notebook,noun
TKA Nihongo A1,こうこう,こうこう,コウコウ,koukou,sekolah menengah atas,high school,noun
TKA Nihongo A1,じかん,じかん,ジカン,jikan,waktu,time,noun
TKA Nihongo A1,いま,いま,イマ,ima,sekarang,now,adverb
TKA Nihongo A1,なんじ,なんじ,ナンジ,nanji,pukul berapa,what time,question
TKA Nihongo A1,ごぜん,ごぜん,ゴゼン,gozen,pagi (AM),a.m.,noun
TKA Nihongo A1,ごご,ごご,ゴゴ,gogo,siang (PM),p.m.,noun
TKA Nihongo A1,あさ,あさ,アサ,asa,pagi,morning,noun
TKA Nihongo A1,ひる,ひる,ヒル,hiru,siang,afternoon,noun
TKA Nihongo A1,よる,よる,ヨル,yoru,malam,night,noun
TKA Nihongo A1,うち,うち,ウチ,uchi,rumah,home,noun
TKA Nihongo A1,へや,へや,ヘヤ,heya,kamar,room,noun
TKA Nihongo A1,かぞく,かぞく,カゾク,kazoku,keluarga,family,noun
TKA Nihongo A1,ちち,ちち,チチ,chichi,ayah,father,noun
TKA Nihongo A1,はは,はは,ハハ,haha,ibu,mother,noun
TKA Nihongo A1,おとうと,おとうと,オトウト,otouto,adik laki-laki,younger brother,noun
TKA Nihongo A1,いもうと,いもうと,イモウト,imouto,adik perempuan,younger sister,noun
TKA Nihongo A1,にほん,にほん,ニホン,nihon,jepang,japan,noun
TKA Nihongo A1,インドネシア,いんどねしあ,インドネシア,indoneshia,indonesia,indonesia,noun
TKA Nihongo A1,アメリカ,あめりか,アメリカ,amerika,amerika,america,noun
TKA Nihongo A1,せかい,せかい,セカイ,sekai,dunia,world,noun
TKA Nihongo A1,できる,できる,デキル,dekiru,bisa/cakap,can/able,verb
TKA Nihongo A1,はなす,はなす,ハナス,hanasu,berbicara,to speak,verb
TKA Nihongo A1,きく,きく,キク,kiku,mendengar,to listen,verb
TKA Nihongo A1,よむ,よむ,ヨム,yomu,membaca,to read,verb
TKA Nihongo A1,かく,かく,カク,kaku,menulis,to write,verb
TKA Nihongo A1,たべる,たべる,タベル,taberu,makan,to eat,verb
TKA Nihongo A1,のむ,のむ,ノム,nomu,minum,to drink,verb
TKA Nihongo A1,みる,みる,ミル,miru,melihat,to see,verb
TKA Nihongo A1,いく,いく,イク,iku,pergi,to go,verb
TKA Nihongo A1,くる,くる,クル,kuru,datang,to come,verb
TKA Nihongo A1,する,する,スル,suru,melakukan,to do,verb
TKA Nihongo A1,べんきょうする,べんきょうする,ベンキョウスル,benkyou suru,belajar,to study,verb
TKA Nihongo A1,ねる,ねる,ネル,neru,tidur,to sleep,verb
TKA Nihongo A1,おきる,おきる,オキル,okiru,bangun,to wake up,verb
TKA Nihongo A1,あるく,あるく,アルク,aruku,berjalan,to walk,verb
TKA Nihongo A1,はしる,はしる,ハシル,hashiru,berlari,to run,verb
TKA Nihongo A1,たのしい,たのしい,タノシイ,tanoshii,menyenangkan,fun,adjective
TKA Nihongo A1,おいしい,おいしい,オイシイ,oishii,lezat,delicious,adjective
TKA Nihongo A1,きれい,きれい,キレイ,kirei,bersih/indah,clean/beautiful,adjective
TKA Nihongo A1,きたない,きたない,キタナイ,kitanai,kotor,dirty,adjective
TKA Nihongo A1,やすい,やすい,ヤスイ,yasui,murah,cheap,adjective
TKA Nihongo A1,たかい,たかい,タカイ,takai,mahal/tinggi,expensive/high,adjective
TKA Nihongo A1,しずか,しずか,シズカ,shizuka,tenang,quiet,adjective
TKA Nihongo A1,うるさい,うるさい,ウルサイ,urusai,berisik,noisy,adjective
TKA Nihongo A1,かわいい,かわいい,カワイイ,kawaii,lucu,cute,adjective
TKA Nihongo A1,おもしろい,おもしろい,オモシロイ,omoshiroi,menarik,interesting,adjective
TKA Nihongo A1,たいへん,たいへん,タイヘン,taihen,sulit/berat,difficult,adjective
TKA Nihongo A1,ひま,ひま,ヒマ,hima,luang,free time,adjective
TKA Nihongo A1,あたらしい,あたらしい,アタラシイ,atarashii,baru,new,adjective
TKA Nihongo A1,ふるい,ふるい,フルイ,furui,lama,old,adjective
TKA Nihongo A1,あつい,あつい,アツイ,atsui,panas,hot,adjective
TKA Nihongo A1,さむい,さむい,サムイ,samui,dingin,cold,adjective
TKA Nihongo A1,げんき,げんき,ゲンキ,genki,sehat/bersemangat,healthy,adjective
TKA Nihongo A1,すき,すき,スキ,suki,suka,like,adjective
TKA Nihongo A1,きらい,きらい,キライ,kirai,tidak suka,dislike,adjective
TKA Nihongo A1,しゅみ,しゅみ,シュミ,shumi,hobi,hobby,noun
TKA Nihongo A1,えいが,えいが,エイガ,eiga,film,movie,noun
TKA Nihongo A1,おんがく,おんがく,オンガク,ongaku,musik,music,noun
TKA Nihongo A1,りょこう,りょこう,リョコウ,ryokou,perjalanan,travel,noun
TKA Nihongo A1,スポーツ,すぽーつ,スポーツ,supo-tsu,olahraga,sport,noun
TKA Nihongo A1,どようび,どようび,ドヨウビ,doyoubi,sabtu,saturday,noun
TKA Nihongo A1,にちようび,にちようび,ニチヨウビ,nichiyoubi,minggu,sunday,noun
TKA Nihongo A1,まいにち,まいにち,マイニチ,mainichi,setiap hari,every day,adverb
TKA Nihongo A1,ときどき,ときどき,トキドキ,tokidoki,kadang-kadang,sometimes,adverb
TKA Nihongo A1,いつも,いつも,イツモ,itsumo,selalu,always,adverb
TKA Nihongo A1,いま,いま,イマ,ima,sekarang,now,adverb
TKA Nihongo A1,あとで,あとで,アトデ,atode,nanti,afterwards,adverb
